{"cameraMode":{"drawMode":0,"name":"Shaded","section":"Shading Mode"},"sceneLighting":true,"audioPlay":false,"sceneViewState":{"showFog":true,"showMaterialUpdate":false,"showSkybox":true,"showFlares":true,"showImageEffects":true,"showParticleSystems":true},"in2DMode":false,"pivot":{"x":-5.960464477539063e-8,"y":1.5453696250915528,"z":-0.00440157949924469},"rotation":{"x":0.14043337106704713,"y":-0.6658437848091126,"z":0.12964804470539094,"w":0.721207320690155},"size":6.274556636810303,"orthographic":false}